{
    "market": {
        "S0": 6923.53831664483,
        "r_sample": {
            "0.0200Y": 0.04190819020622232,
            "0.0400Y": 0.04184773564202585,
            "0.0833Y": 0.04171374805418569,
            "0.2500Y": 0.04116872074961505,
            "0.5000Y": 0.04032278212113984,
            "1.0000Y": 0.03889441743280985
        },
        "q_sample": {
            "0.0200Y": -0.008349779325811872,
            "0.0400Y": -0.0013649456857759822,
            "0.0833Y": 0.012888724676250107,
            "0.2500Y": 0.009866403665592743,
            "0.5000Y": 0.010060080467381405,
            "1.0000Y": 0.009565851364670985
        }
    },
    "models": {
        "Bates": {
            "kappa": 0.32945405334537403,
            "theta": 0.13616197825946744,
            "xi": 0.6889616720922486,
            "rho": -0.6861183794619814,
            "v0": 0.019816825083691723,
            "lamb": 0.15757539167488036,
            "mu_j": -0.20917562928747635,
            "sigma_j": 0.17234127826744983,
            "weighted_obj": 2.7971562583252356,
            "rmse": 4.140325040509393
        },
        "Heston": {
            "kappa": 3.9790521101943694,
            "theta": 0.05459258395700917,
            "xi": 1.3877463324659725,
            "rho": -0.7369735959483045,
            "v0": 0.0251047758433426,
            "lamb": 0.0,
            "mu_j": 0.0,
            "sigma_j": 0.0,
            "weighted_obj": 2.1236910650671956,
            "rmse": 3.627106277142778
        },
        "BS": {
            "kappa": 0.0001,
            "theta": 0.026482423551855396,
            "xi": 0.0001,
            "rho": 0.0,
            "v0": 0.026482423551855396,
            "lamb": 0.0,
            "mu_j": 0.0,
            "sigma_j": 0.0,
            "weighted_obj": 26.570201296794018,
            "rmse": 47.02633732738141
        }
    }
}