{
    "model": "Bates_MC_Validation",
    "market": {
        "S0": 278.1199951171875,
        "r_sample": {
            "0.0200Y": 0.04190819020622232,
            "0.0400Y": 0.04184773564202585,
            "0.0833Y": 0.04171374805418569,
            "0.2500Y": 0.04116872074961505,
            "0.5000Y": 0.04032278212113984,
            "1.0000Y": 0.03889441743280985
        },
        "q_sample": {
            "0.0200Y": 0.0037,
            "0.0400Y": 0.0037,
            "0.0833Y": 0.0037,
            "0.2500Y": 0.0037,
            "0.5000Y": 0.0037,
            "1.0000Y": 0.0037
        }
    },
    "analytical": {
        "kappa": 1.47158338541744,
        "theta": 0.08244371956823633,
        "xi": 0.6276224585403978,
        "rho": -0.45109013655085606,
        "v0": 0.05094739489259838,
        "lamb": 0.2694663438835394,
        "mu_j": -0.18422954493792318,
        "sigma_j": 0.23638678912183403,
        "rmse": 0.17456673041180176
    },
    "notes": "Includes Bid/Ask/Spread for MC re-simulation"
}