{
    "model": "Bates_MC_Validation_Analytic",
    "market": {
        "S0": 6923.53831664483,
        "r_sample": {
            "0.0200Y": 0.04190819020622232,
            "0.0400Y": 0.04184773564202585,
            "0.0833Y": 0.04171374805418569,
            "0.2500Y": 0.04116872074961505,
            "0.5000Y": 0.04032278212113984,
            "1.0000Y": 0.03889441743280985
        },
        "q_sample": {
            "0.0200Y": -0.008349779325811872,
            "0.0400Y": -0.0013649456857759822,
            "0.0833Y": 0.012888724676250107,
            "0.2500Y": 0.009866403665592743,
            "0.5000Y": 0.010060080467381405,
            "1.0000Y": 0.009565851364670985
        }
    },
    "parameters": {
        "kappa": 1.0787240170426289,
        "theta": 0.08008934028905866,
        "xi": 0.9862373155872944,
        "rho": -0.7236301309589707,
        "v0": 0.02098337158529831,
        "lamb": 0.25255850965865717,
        "mu_j": -0.09406236239939478,
        "sigma_j": 0.15402076172509496,
        "rmse": 5.656991780089485
    },
    "notes": "Calibrated via MC, Verified via Analytic Formula"
}