{
    "model": "Bates_MC",
    "market": {
        "S0": 689.8198852539062,
        "r_sample": {
            "0.0200Y": 0.041798936462850655,
            "0.0400Y": 0.04177331238866157,
            "0.0833Y": 0.0417097025322245,
            "0.2500Y": 0.041377877327347344,
            "0.5000Y": 0.04071611296313337,
            "1.0000Y": 0.03939605165389198
        },
        "q_sample": {
            "0.0200Y": 0.0105,
            "0.0400Y": 0.0105,
            "0.0833Y": 0.0105,
            "0.2500Y": 0.0105,
            "0.5000Y": 0.0105,
            "1.0000Y": 0.0105
        }
    },
    "parameters": {
        "kappa": 1.9673930339552805,
        "theta": 0.031730204454213026,
        "xi": 0.8859184283069858,
        "rho": -0.7628398670867099,
        "v0": 0.022176291822106533,
        "lamb": 0.45249632070106877,
        "mu_j": -0.12477479027718014,
        "sigma_j": 0.12097823481990796
    },
    "notes": "Calibrated directly via Monte Carlo"
}