{
    "market": {
        "S0": 6948.776483504934,
        "r_sample": {
            "0.08Y": 0.03718297849395038,
            "0.25Y": 0.03675663098861731,
            "0.5Y": 0.0360587530382927,
            "1.0Y": 0.03481010722108685
        },
        "q_sample": {
            "0.079": 0.012999999999998724,
            "0.151": 0.01232425264410349,
            "0.233": 0.007450094417340666,
            "0.542": 0.006088193340200103,
            "0.791": 0.005893073306625397,
            "1.04": 0.005076071013432035
        }
    },
    "analytical": {
        "kappa": 1.8204720669517467,
        "theta": 0.05157308667734979,
        "xi": 0.538737004370178,
        "rho": -0.9199543972600233,
        "v0": 0.021005495068648263,
        "weighted_obj": 30.78982323851996,
        "rmse": 6.9493158758749445
    },
    "monte_carlo": {
        "kappa": 1.6544948633669687,
        "theta": 0.07189529505009801,
        "xi": 0.8856311368091039,
        "rho": -0.8436477868400529,
        "v0": 0.022729324844581976,
        "weighted_obj": 16.01841325956316,
        "rmse": 7.259506085565736
    }
}