{
    "model": "Bates",
    "market": {
        "S0": 6922.700388508889,
        "r_sample": {
            "0.0200Y": 0.03729893646285066,
            "0.0400Y": 0.03727331238866157,
            "0.0833Y": 0.037209702532224505,
            "0.2500Y": 0.03687787732734735,
            "0.5000Y": 0.03621611296313337,
            "1.0000Y": 0.03489605165389198
        },
        "q_sample": {
            "0.0200Y": 0.09869645115410883,
            "0.0400Y": 0.06747538781235464,
            "0.0833Y": 0.006141666171469903,
            "0.2500Y": 0.0059114924803153925,
            "0.5000Y": 0.005506962920387938,
            "1.0000Y": 0.004958521429250303
        }
    },
    "analytical": {
        "kappa": 1.5467734174290875,
        "theta": 0.0649865537704754,
        "xi": 0.8091075219303268,
        "rho": -0.7662410399642108,
        "v0": 0.023004738331746443,
        "lamb": 0.0759044838645932,
        "mu_j": -0.051083564035256726,
        "sigma_j": 0.07881984440002061,
        "weighted_obj": 8.100704991155926,
        "rmse": 4.642672212342475
    }
}