{
    "model": "Bates_MC",
    "market": {
        "S0": 690.989990234375,
        "r_sample": {
            "0.0200Y": 0.041798936462850655,
            "0.0400Y": 0.04177331238866157,
            "0.0833Y": 0.0417097025322245,
            "0.2500Y": 0.041377877327347344,
            "0.5000Y": 0.04071611296313337,
            "1.0000Y": 0.03939605165389198
        },
        "q_sample": {
            "0.0200Y": 0.0105,
            "0.0400Y": 0.0105,
            "0.0833Y": 0.0105,
            "0.2500Y": 0.0105,
            "0.5000Y": 0.0105,
            "1.0000Y": 0.0105
        }
    },
    "parameters": {
        "kappa": 1.9436890784420908,
        "theta": 0.051412630328807676,
        "xi": 1.2059936775779696,
        "rho": -0.7945337049903416,
        "v0": 0.029862284323874496,
        "lamb": 0.5000017816587877,
        "mu_j": -0.06081554405773768,
        "sigma_j": 0.06177281997649636
    },
    "notes": "Calibrated directly via Monte Carlo"
}