{
    "model": "Bates",
    "market": {
        "S0": 6859.045638500106,
        "r_sample": {
            "0.0200Y": 0.041798936462850655,
            "0.0400Y": 0.04177331238866157,
            "0.0833Y": 0.0417097025322245,
            "0.2500Y": 0.041377877327347344,
            "0.5000Y": 0.04071611296313337,
            "1.0000Y": 0.03939605165389198
        },
        "q_sample": {
            "0.0200Y": 0.01933971255764967,
            "0.0400Y": 0.01744873450357761,
            "0.0833Y": 0.013849964786918521,
            "0.2500Y": 0.011398498135755887,
            "0.5000Y": 0.010748160220339198,
            "1.0000Y": 0.009641534360525303
        }
    },
    "analytical": {
        "kappa": 2.0542239866744647,
        "theta": 0.04559688434316413,
        "xi": 1.0248336462552845,
        "rho": -0.6654278131365803,
        "v0": 0.028603218412872874,
        "lamb": 0.09340770408353588,
        "mu_j": -0.27970983577807473,
        "sigma_j": 0.20156123004965487,
        "weighted_obj": 0.006092261758372034,
        "rmse": 6.116502527681709
    }
}