{
    "model": "Bates_MC",
    "market": {
        "S0": 185.279296875,
        "r_sample": {
            "0.0200Y": 0.041798936462850655,
            "0.0400Y": 0.04177331238866157,
            "0.0833Y": 0.0417097025322245,
            "0.2500Y": 0.041377877327347344,
            "0.5000Y": 0.04071611296313337,
            "1.0000Y": 0.03939605165389198
        },
        "q_sample": {
            "0.0200Y": 0.0002,
            "0.0400Y": 0.0002,
            "0.0833Y": 0.0002,
            "0.2500Y": 0.0002,
            "0.5000Y": 0.0002,
            "1.0000Y": 0.0002
        }
    },
    "parameters": {
        "kappa": 4.482149444171748,
        "theta": 0.15032804229376945,
        "xi": 1.2300048778156747,
        "rho": -0.3642036700206747,
        "v0": 0.2173973154213362,
        "lamb": 0.6354815778949633,
        "mu_j": -0.2865491992485393,
        "sigma_j": 0.10974548940419974
    },
    "notes": "Calibrated directly via Monte Carlo"
}