{
    "model": "Bates",
    "market": {
        "S0": 6908.951926007884,
        "r_sample": {
            "0.0200Y": 0.03729893646285066,
            "0.0400Y": 0.03727331238866157,
            "0.0833Y": 0.037209702532224505,
            "0.2500Y": 0.03687787732734735,
            "0.5000Y": 0.03621611296313337,
            "1.0000Y": 0.03489605165389198
        },
        "q_sample": {
            "0.0200Y": -0.05464039663285604,
            "0.0400Y": -0.0460276012328998,
            "0.0833Y": -0.027965303662632394,
            "0.2500Y": -0.005509696264281504,
            "0.5000Y": -0.0003404055588334112,
            "1.0000Y": 0.0022340761426691124
        }
    },
    "analytical": {
        "kappa": 1.5407930067205797,
        "theta": 0.066343004842166,
        "xi": 0.8478437875591954,
        "rho": -0.7714366648588152,
        "v0": 0.022587205603862716,
        "lamb": 0.10009307834861886,
        "mu_j": -0.06343028894237866,
        "sigma_j": 0.08891395438687402,
        "weighted_obj": 8.904466779820657,
        "rmse": 4.954744822170596
    }
}