{
    "model": "Bates",
    "market": {
        "S0": 6924.792636679349,
        "r_sample": {
            "0.0200Y": 0.03729893646285066,
            "0.0400Y": 0.03727331238866157,
            "0.0833Y": 0.037209702532224505,
            "0.2500Y": 0.03687787732734735,
            "0.5000Y": 0.03621611296313337,
            "1.0000Y": 0.03489605165389198
        },
        "q_sample": {
            "0.0200Y": 0.09865334969530734,
            "0.0400Y": 0.06639997108619297,
            "0.0833Y": 0.00320937343453467,
            "0.2500Y": 0.005855761059206647,
            "0.5000Y": 0.005623769191612267,
            "1.0000Y": 0.004950071360660677
        }
    },
    "analytical": {
        "kappa": 1.7975372742003073,
        "theta": 0.049664982518804746,
        "xi": 0.7039762648706278,
        "rho": -0.8212637319113045,
        "v0": 0.02111983489735888,
        "lamb": 0.14502638922207678,
        "mu_j": -0.12610762802274825,
        "sigma_j": 0.13379950184998876,
        "weighted_obj": 4.861560056476037,
        "rmse": 3.7366622140461216
    }
}