{
    "market": {
        "S0": 6956.134894144735,
        "r_sample": {
            "0.08Y": 0.03718297849395038,
            "0.25Y": 0.03675663098861731,
            "0.5Y": 0.0360587530382927,
            "1.0Y": 0.03481010722108685
        },
        "q_sample": {
            "0.079": 0.014999999999999448,
            "0.151": 0.013960509417763955,
            "0.233": 0.008294225885773734,
            "0.542": 0.006437071990364463,
            "0.791": 0.006142981179726628,
            "1.04": 0.005323742456788513
        }
    },
    "analytical": {
        "kappa": 1.7992219249006858,
        "theta": 0.05314788807308349,
        "xi": 0.5630775855447577,
        "rho": -0.9014461546887897,
        "v0": 0.020685544823120516,
        "weighted_obj": 33.273905279077624,
        "rmse": 7.37484703694175
    },
    "monte_carlo": {
        "kappa": 1.3990436344254713,
        "theta": 0.07747962430995106,
        "xi": 0.8338249413361856,
        "rho": -0.805927112100577,
        "v0": 0.021982875753814652,
        "weighted_obj": 15.048325349239828,
        "rmse": 6.631583646972054
    }
}