{
    "model": "Bates_MC_Validation_Analytic",
    "market": {
        "S0": 278.1199951171875,
        "r_sample": {
            "0.0200Y": 0.04190819020622232,
            "0.0400Y": 0.04184773564202585,
            "0.0833Y": 0.04171374805418569,
            "0.2500Y": 0.04116872074961505,
            "0.5000Y": 0.04032278212113984,
            "1.0000Y": 0.03889441743280985
        },
        "q_sample": {
            "0.0200Y": 0.0037,
            "0.0400Y": 0.0037,
            "0.0833Y": 0.0037,
            "0.2500Y": 0.0037,
            "0.5000Y": 0.0037,
            "1.0000Y": 0.0037
        }
    },
    "parameters": {
        "kappa": 1.7083660000957277,
        "theta": 0.07053266344783586,
        "xi": 0.692232723190304,
        "rho": -0.4583327451371485,
        "v0": 0.048753883356171375,
        "lamb": 0.4425341952829005,
        "mu_j": -0.1533691004407427,
        "sigma_j": 0.19437033328464715,
        "rmse": 0.23336237914453994
    },
    "notes": "Calibrated via MC, Verified via Analytic Formula"
}