{
    "model": "Bates_MC",
    "market": {
        "S0": 690.6199951171875,
        "r_sample": {
            "0.0200Y": 0.04190819020622232,
            "0.0400Y": 0.04184773564202585,
            "0.0833Y": 0.04171374805418569,
            "0.2500Y": 0.04116872074961505,
            "0.5000Y": 0.04032278212113984,
            "1.0000Y": 0.03889441743280985
        },
        "q_sample": {
            "0.0200Y": 0.0105,
            "0.0400Y": 0.0105,
            "0.0833Y": 0.0105,
            "0.2500Y": 0.0105,
            "0.5000Y": 0.0105,
            "1.0000Y": 0.0105
        }
    },
    "analytical": {
        "kappa": 3.1966602113744393,
        "theta": 0.03873815674695109,
        "xi": 0.8259879942534576,
        "rho": -0.7405551373006635,
        "v0": 0.021523829736800778,
        "lamb": 0.044615826281715995,
        "mu_j": -0.4700805903883381,
        "sigma_j": 0.3701951976493062,
        "weighted_obj": 0.30037003123476175,
        "rmse": 0.3004319113099228
    },
    "notes": "Calibrated directly via Monte Carlo"
}