{
    "market": {
        "S0": 422.2465304536589,
        "r_sample": {
            "0.0385Y": 0.037275319235622245,
            "0.0833Y": 0.037209702532224505,
            "0.1667Y": 0.037059125997383674,
            "0.2500Y": 0.03687787732734735,
            "0.3333Y": 0.036672676103893936,
            "0.4167Y": 0.03644981743616135,
            "0.5000Y": 0.03621611296313337,
            "0.5833Y": 0.035977285503691,
            "0.6667Y": 0.03573875165226531,
            "0.7500Y": 0.03550651676689753,
            "0.8333Y": 0.03528545775996178,
            "0.9167Y": 0.03508024958804595,
            "1.0000Y": 0.03489605165389198
        },
        "q_sample": {
            "0.0385Y": 0.0029274569509772155,
            "0.0833Y": 0.002830035948273964,
            "0.1667Y": 0.001126508991899846,
            "0.2500Y": 0.00017267091954408705,
            "0.3333Y": 0.0001,
            "0.4167Y": 0.0001,
            "0.5000Y": 0.0001,
            "0.5833Y": 0.0001,
            "0.6667Y": 0.0001,
            "0.7500Y": 0.0001,
            "0.8333Y": 0.0001,
            "0.9167Y": 0.0001,
            "1.0000Y": 0.0001
        }
    },
    "analytical": {
        "kappa": 2.1994455418318237,
        "theta": 0.30271304513353986,
        "xi": 0.2882723190479885,
        "rho": -0.4594960389785989,
        "v0": 0.18920271574831388,
        "weighted_obj": 4.8851276520461955,
        "rmse": 0.6500988976408891
    },
    "monte_carlo": {
        "kappa": 0.2218478523171883,
        "theta": 1.0,
        "xi": 0.08780125998139071,
        "rho": -0.99,
        "v0": 0.20330913460807043,
        "weighted_obj": 0.8410854963208876,
        "rmse": 2.080744177772302,
        "weighted_obj_internal": 7.893949330910926
    }
}