{
    "model": "Bates",
    "market": {
        "S0": 6921.065609471046,
        "r_sample": {
            "0.0200Y": 0.03729893646285066,
            "0.0400Y": 0.03727331238866157,
            "0.0833Y": 0.037209702532224505,
            "0.2500Y": 0.03687787732734735,
            "0.5000Y": 0.03621611296313337,
            "1.0000Y": 0.03489605165389198
        },
        "q_sample": {
            "0.0200Y": 0.01289504684416595,
            "0.0400Y": 0.01038133273476355,
            "0.0833Y": 0.005619834130158155,
            "0.2500Y": 0.005888679104124611,
            "0.5000Y": 0.005787087643225013,
            "1.0000Y": 0.0050506548135314765
        }
    },
    "analytical": {
        "kappa": 1.489338377209625,
        "theta": 0.0665856413566036,
        "xi": 0.8317911136503905,
        "rho": -0.769998527167832,
        "v0": 0.023668043394049255,
        "lamb": 0.07470412735957083,
        "mu_j": -0.04857683833939874,
        "sigma_j": 0.07791909345612823,
        "weighted_obj": 10.763982315334905,
        "rmse": 5.1693216761133645
    }
}