{
    "model": "Bates_MC",
    "market": {
        "S0": 184.72000122070312,
        "r_sample": {
            "0.0200Y": 0.041798936462850655,
            "0.0400Y": 0.04177331238866157,
            "0.0833Y": 0.0417097025322245,
            "0.2500Y": 0.041377877327347344,
            "0.5000Y": 0.04071611296313337,
            "1.0000Y": 0.03939605165389198
        },
        "q_sample": {
            "0.0200Y": 0.0002,
            "0.0400Y": 0.0002,
            "0.0833Y": 0.0002,
            "0.2500Y": 0.0002,
            "0.5000Y": 0.0002,
            "1.0000Y": 0.0002
        }
    },
    "analytical": {
        "kappa": 2.0334028652703613,
        "theta": 0.12248684100734449,
        "xi": 0.3601136120839489,
        "rho": -0.41538903128667987,
        "v0": 0.16422414840539706,
        "lamb": 1.2311707536462997,
        "mu_j": -0.1956044280597577,
        "sigma_j": 0.17662300748230345,
        "weighted_obj": 4.2909124443016164,
        "rmse": 2.8672122957924753
    },
    "notes": "Calibrated directly via Monte Carlo"
}