{
    "model": "Bates",
    "market": {
        "S0": 6918.337358248602,
        "r_sample": {
            "0.0200Y": 0.03729893646285066,
            "0.0400Y": 0.03727331238866157,
            "0.0833Y": 0.037209702532224505,
            "0.2500Y": 0.03687787732734735,
            "0.5000Y": 0.03621611296313337,
            "1.0000Y": 0.03489605165389198
        },
        "q_sample": {
            "0.0200Y": 0.12824075869788246,
            "0.0400Y": 0.08610548751110002,
            "0.0833Y": 0.0033416381280111504,
            "0.2500Y": 0.004706070673379678,
            "0.5000Y": 0.004959831822917946,
            "1.0000Y": 0.004751270055824444
        }
    },
    "analytical": {
        "kappa": 1.5413961601045627,
        "theta": 0.06468132348440164,
        "xi": 0.7896665336112992,
        "rho": -0.7631559743466164,
        "v0": 0.023335800839840774,
        "lamb": 0.08076639204373959,
        "mu_j": -0.05420137796681596,
        "sigma_j": 0.08047843830121523,
        "weighted_obj": 8.344939698600047,
        "rmse": 5.324706446055878
    }
}