{
    "model": "Bates_MC_Validation",
    "market": {
        "S0": 6923.53831664483,
        "r_sample": {
            "0.0200Y": 0.04190819020622232,
            "0.0400Y": 0.04184773564202585,
            "0.0833Y": 0.04171374805418569,
            "0.2500Y": 0.04116872074961505,
            "0.5000Y": 0.04032278212113984,
            "1.0000Y": 0.03889441743280985
        },
        "q_sample": {
            "0.0200Y": -0.008349779325811872,
            "0.0400Y": -0.0013649456857759822,
            "0.0833Y": 0.012888724676250107,
            "0.2500Y": 0.009866403665592743,
            "0.5000Y": 0.010060080467381405,
            "1.0000Y": 0.009565851364670985
        }
    },
    "analytical": {
        "kappa": 1.440771360737753,
        "theta": 0.05108892031649097,
        "xi": 0.770755134046021,
        "rho": -0.7147145168561286,
        "v0": 0.020271537531583596,
        "lamb": 0.14744284806639513,
        "mu_j": -0.19208739174206482,
        "sigma_j": 0.20791653516612849,
        "rmse": 3.3488664411857334
    },
    "notes": "Includes Bid/Ask/Spread for MC re-simulation"
}