{
    "model": "Bates_MC",
    "market": {
        "S0": 690.6199951171875,
        "r_sample": {
            "0.0200Y": 0.04190819020622232,
            "0.0400Y": 0.04184773564202585,
            "0.0833Y": 0.04171374805418569,
            "0.2500Y": 0.04116872074961505,
            "0.5000Y": 0.04032278212113984,
            "1.0000Y": 0.03889441743280985
        },
        "q_sample": {
            "0.0200Y": 0.0105,
            "0.0400Y": 0.0105,
            "0.0833Y": 0.0105,
            "0.2500Y": 0.0105,
            "0.5000Y": 0.0105,
            "1.0000Y": 0.0105
        }
    },
    "analytical": {
        "kappa": 3.1985443653180035,
        "theta": 0.04028043994236911,
        "xi": 0.8225483455632671,
        "rho": -0.7401524130121571,
        "v0": 0.02229141367924442,
        "lamb": 0.04062533732611407,
        "mu_j": -0.4700182895614588,
        "sigma_j": 0.3700792547663217,
        "weighted_obj": 0.38966796520806846,
        "rmse": 0.3890492685166409
    },
    "notes": "Calibrated directly via Monte Carlo"
}