{
    "model": "Bates_MC_Validation_Analytic",
    "market": {
        "S0": 6923.53831664483,
        "r_sample": {
            "0.0200Y": 0.04190819020622232,
            "0.0400Y": 0.04184773564202585,
            "0.0833Y": 0.04171374805418569,
            "0.2500Y": 0.04116872074961505,
            "0.5000Y": 0.04032278212113984,
            "1.0000Y": 0.03889441743280985
        },
        "q_sample": {
            "0.0200Y": -0.008349779325811872,
            "0.0400Y": -0.0013649456857759822,
            "0.0833Y": 0.012888724676250107,
            "0.2500Y": 0.009866403665592743,
            "0.5000Y": 0.010060080467381405,
            "1.0000Y": 0.009565851364670985
        }
    },
    "parameters": {
        "kappa": 1.3948367308876441,
        "theta": 0.07024496420899135,
        "xi": 0.958541966592825,
        "rho": -0.7384309739225206,
        "v0": 0.017004330798038203,
        "lamb": 0.1811166956632316,
        "mu_j": -0.12329236314640243,
        "sigma_j": 0.19705723533244235,
        "rmse": 7.120201050532211
    },
    "notes": "Calibrated via MC, Verified via Analytic Formula"
}