{
    "model": "Bates_MC",
    "market": {
        "S0": 184.59500122070312,
        "r_sample": {
            "0.0200Y": 0.041798936462850655,
            "0.0400Y": 0.04177331238866157,
            "0.0833Y": 0.0417097025322245,
            "0.2500Y": 0.041377877327347344,
            "0.5000Y": 0.04071611296313337,
            "1.0000Y": 0.03939605165389198
        },
        "q_sample": {
            "0.0200Y": 0.0002,
            "0.0400Y": 0.0002,
            "0.0833Y": 0.0002,
            "0.2500Y": 0.0002,
            "0.5000Y": 0.0002,
            "1.0000Y": 0.0002
        }
    },
    "analytical": {
        "kappa": 1.9665350030030353,
        "theta": 0.13032558977667016,
        "xi": 0.3584703170780107,
        "rho": -0.4134205768082736,
        "v0": 0.15973863023055054,
        "lamb": 1.111626831670233,
        "mu_j": -0.20368745455052364,
        "sigma_j": 0.20215057636128858
    },
    "notes": "Calibrated directly via Monte Carlo"
}