{
    "model": "Bates_MC",
    "market": {
        "S0": 6895.8508195080685,
        "r_sample": {
            "0.0200Y": 0.041798936462850655,
            "0.0400Y": 0.04177331238866157,
            "0.0833Y": 0.0417097025322245,
            "0.2500Y": 0.041377877327347344,
            "0.5000Y": 0.04071611296313337,
            "1.0000Y": 0.03939605165389198
        },
        "q_sample": {
            "0.0200Y": 0.003196632611063827,
            "0.0400Y": 0.006064742658340524,
            "0.0833Y": 0.011260154658198098,
            "0.2500Y": 0.010501565193449884,
            "0.5000Y": 0.010439536514063206,
            "1.0000Y": 0.0100565086710314
        }
    },
    "parameters": {
        "kappa": 1.5267081649209377,
        "theta": 0.055929324485509246,
        "xi": 0.8965207864262239,
        "rho": -0.736261559622841,
        "v0": 0.019582846459459295,
        "lamb": 0.34666655198119267,
        "mu_j": -0.12296272604449776,
        "sigma_j": 0.08770780396215666
    },
    "notes": "Calibrated directly via Monte Carlo"
}