{
    "model": "Bates",
    "market": {
        "S0": 6925.64769509503,
        "r_sample": {
            "0.0200Y": 0.03729893646285066,
            "0.0400Y": 0.03727331238866157,
            "0.0833Y": 0.037209702532224505,
            "0.2500Y": 0.03687787732734735,
            "0.5000Y": 0.03621611296313337,
            "1.0000Y": 0.03489605165389198
        },
        "q_sample": {
            "0.0200Y": -0.0036050491018182864,
            "0.0400Y": -0.0006835604984828398,
            "0.0833Y": 0.005188531866432503,
            "0.2500Y": 0.005053209845974078,
            "0.5000Y": 0.005316258510437491,
            "1.0000Y": 0.004861570266341464
        }
    },
    "analytical": {
        "kappa": 1.5491813086933668,
        "theta": 0.061357686670888076,
        "xi": 0.7808749700969543,
        "rho": -0.7613894374048716,
        "v0": 0.02368507044623645,
        "lamb": 0.07713291069939815,
        "mu_j": -0.05394364414209981,
        "sigma_j": 0.080125712963958,
        "weighted_obj": 4.683444245531871,
        "rmse": 4.683444245531871
    }
}