{
    "model": "Bates",
    "market": {
        "S0": 6925.359213779928,
        "r_sample": {
            "0.0200Y": 0.03729893646285066,
            "0.0400Y": 0.03727331238866157,
            "0.0833Y": 0.037209702532224505,
            "0.2500Y": 0.03687787732734735,
            "0.5000Y": 0.03621611296313337,
            "1.0000Y": 0.03489605165389198
        },
        "q_sample": {
            "0.0200Y": -0.0541658453359875,
            "0.0400Y": -0.03418715739955695,
            "0.0833Y": 0.005318749631139824,
            "0.2500Y": 0.006640125944941995,
            "0.5000Y": 0.005478718839740759,
            "1.0000Y": 0.005183647269493009
        }
    },
    "analytical": {
        "kappa": 1.496210943872714,
        "theta": 0.06886741582070702,
        "xi": 0.8471177546548571,
        "rho": -0.7725740759770393,
        "v0": 0.023168094893786385,
        "lamb": 0.0737817430679197,
        "mu_j": -0.046679048694617684,
        "sigma_j": 0.07694563827324993,
        "weighted_obj": 8.410948472801168,
        "rmse": 5.4560719459126545
    }
}