{
    "market": {
        "S0": 6913.521489715777,
        "r_sample": {
            "0.0385Y": 0.037275319235622245,
            "0.0833Y": 0.037209702532224505,
            "0.1667Y": 0.037059125997383674,
            "0.2500Y": 0.03687787732734735,
            "0.3333Y": 0.036672676103893936,
            "0.4167Y": 0.03644981743616135,
            "0.5000Y": 0.03621611296313337,
            "0.5833Y": 0.035977285503691,
            "0.6667Y": 0.03573875165226531,
            "0.7500Y": 0.03550651676689753,
            "0.8333Y": 0.03528545775996178,
            "0.9167Y": 0.03508024958804595,
            "1.0000Y": 0.03489605165389198
        },
        "q_sample": {
            "0.0385Y": 0.005057226714259802,
            "0.0833Y": 0.005099906894431409,
            "0.1667Y": 0.005210282458008895,
            "0.2500Y": 0.004360232984205566,
            "0.3333Y": 0.0044729818134851594,
            "0.4167Y": 0.004666558372171625,
            "0.5000Y": 0.004852302351832887,
            "0.5833Y": 0.004965146256561096,
            "0.6667Y": 0.005061398378826685,
            "0.7500Y": 0.005123826438294456,
            "0.8333Y": 0.005099125664034191,
            "0.9167Y": 0.004930684569815453,
            "1.0000Y": 0.004769916651436644
        }
    },
    "analytical": {
        "kappa": 1.7001651895294807,
        "theta": 0.06333944553245674,
        "xi": 0.836535795578717,
        "rho": -0.77038222808034,
        "v0": 0.02424008814564744,
        "weighted_obj": 6.121603413556005,
        "rmse": 4.780595326742723
    },
    "monte_carlo": {
        "kappa": 1.6731855553965662,
        "theta": 0.07053743824031637,
        "xi": 0.8598359757003186,
        "rho": -0.7930668724404989,
        "v0": 0.024494691659295798,
        "weighted_obj": 7.20739894645151,
        "rmse": 8.64843421281178,
        "weighted_obj_internal": 4.062766335826524
    }
}