{
    "model": "Bates",
    "market": {
        "S0": 6922.202347810714,
        "r_sample": {
            "0.0200Y": 0.03729893646285066,
            "0.0400Y": 0.03727331238866157,
            "0.0833Y": 0.037209702532224505,
            "0.2500Y": 0.03687787732734735,
            "0.5000Y": 0.03621611296313337,
            "1.0000Y": 0.03489605165389198
        },
        "q_sample": {
            "0.0200Y": 9.006902893248199e-05,
            "0.0400Y": 0.0022472960989383156,
            "0.0833Y": 0.006653235062802636,
            "0.2500Y": 0.006098490043337252,
            "0.5000Y": 0.005591215083570119,
            "1.0000Y": 0.004991264553423785
        }
    },
    "analytical": {
        "kappa": 1.522916903470669,
        "theta": 0.05529547823913984,
        "xi": 0.7785177626177564,
        "rho": -0.7910875406393076,
        "v0": 0.020670350040341904,
        "lamb": 0.2031476548981874,
        "mu_j": -0.12914114204528923,
        "sigma_j": 0.09197247266774047,
        "weighted_obj": 6.828714793122287,
        "rmse": 3.671019499087761
    }
}