{
    "model": "Bates_MC",
    "market": {
        "S0": 184.48500061035156,
        "r_sample": {
            "0.0200Y": 0.041798936462850655,
            "0.0400Y": 0.04177331238866157,
            "0.0833Y": 0.0417097025322245,
            "0.2500Y": 0.041377877327347344,
            "0.5000Y": 0.04071611296313337,
            "1.0000Y": 0.03939605165389198
        },
        "q_sample": {
            "0.0200Y": 0.0002,
            "0.0400Y": 0.0002,
            "0.0833Y": 0.0002,
            "0.2500Y": 0.0002,
            "0.5000Y": 0.0002,
            "1.0000Y": 0.0002
        }
    },
    "parameters": {
        "kappa": 1.959939417422535,
        "theta": 0.1307301835515952,
        "xi": 0.39115940446574593,
        "rho": -0.41497254228483216,
        "v0": 0.16343103858083846,
        "lamb": 1.0455019487118298,
        "mu_j": -0.2389107489090002,
        "sigma_j": 0.14673985030674
    },
    "notes": "Calibrated directly via Monte Carlo"
}