{
    "market": {
        "S0": 6948.236038133128,
        "r_sample": {
            "0.08Y": 0.03718297849395038,
            "0.25Y": 0.03675663098861731,
            "0.5Y": 0.0360587530382927,
            "1.0Y": 0.03481010722108685
        },
        "q_sample": {
            "0.079": 0.012999999999998724,
            "0.151": 0.012406539233417474,
            "0.233": 0.007554231426500874,
            "0.542": 0.006140454831994088,
            "0.791": 0.005934140976785209,
            "1.04": 0.005099377645051681
        }
    },
    "analytical": {
        "kappa": 1.7023791466978644,
        "theta": 0.058484852953772745,
        "xi": 0.6497881522223684,
        "rho": -0.8467455938974846,
        "v0": 0.020630894248496925,
        "weighted_obj": 30.85263273897692,
        "rmse": 7.476645228536705
    },
    "monte_carlo": {
        "kappa": 1.5463357990169477,
        "theta": 0.06722954458980007,
        "xi": 0.7037078842979626,
        "rho": -0.8837428847478928,
        "v0": 0.022749166252988007,
        "weighted_obj": 18.246431088470715,
        "rmse": 7.412989969270606
    }
}