{
    "model": "Bates_MC",
    "market": {
        "S0": 184.85000610351562,
        "r_sample": {
            "0.0200Y": 0.041798936462850655,
            "0.0400Y": 0.04177331238866157,
            "0.0833Y": 0.0417097025322245,
            "0.2500Y": 0.041377877327347344,
            "0.5000Y": 0.04071611296313337,
            "1.0000Y": 0.03939605165389198
        },
        "q_sample": {
            "0.0200Y": 0.0002,
            "0.0400Y": 0.0002,
            "0.0833Y": 0.0002,
            "0.2500Y": 0.0002,
            "0.5000Y": 0.0002,
            "1.0000Y": 0.0002
        }
    },
    "analytical": {
        "kappa": 8.758826933781394,
        "theta": 0.18315055615674622,
        "xi": 0.7794681860140206,
        "rho": -0.6687150239970661,
        "v0": 0.2381592108355521,
        "lamb": 0.09599519192668024,
        "mu_j": -0.4999999996396822,
        "sigma_j": 0.5
    },
    "notes": "Calibrated directly via Monte Carlo"
}