{
    "model": "Bates",
    "market": {
        "S0": 6924.572772409404,
        "r_sample": {
            "0.0200Y": 0.03729893646285066,
            "0.0400Y": 0.03727331238866157,
            "0.0833Y": 0.037209702532224505,
            "0.2500Y": 0.03687787732734735,
            "0.5000Y": 0.03621611296313337,
            "1.0000Y": 0.03489605165389198
        },
        "q_sample": {
            "0.0200Y": 0.0032119240335643623,
            "0.0400Y": 0.004093691663253946,
            "0.0833Y": 0.006010854919384855,
            "0.2500Y": 0.005073383603474548,
            "0.5000Y": 0.005431690499746601,
            "1.0000Y": 0.005044213731446376
        }
    },
    "analytical": {
        "kappa": 1.5207505436759154,
        "theta": 0.06409697103439405,
        "xi": 0.805240659627714,
        "rho": -0.7657098971822756,
        "v0": 0.02345764346523077,
        "lamb": 0.07594791927618816,
        "mu_j": -0.05144268845064624,
        "sigma_j": 0.0790086371283522,
        "weighted_obj": 9.04588851162934,
        "rmse": 4.7175178096011505
    }
}