{
    "model": "Bates",
    "market": {
        "S0": 6890.999739561314,
        "r_sample": {
            "0.0200Y": 0.03729893646285066,
            "0.0400Y": 0.03727331238866157,
            "0.0833Y": 0.037209702532224505,
            "0.2500Y": 0.03687787732734735,
            "0.5000Y": 0.03621611296313337,
            "1.0000Y": 0.03489605165389198
        },
        "q_sample": {
            "0.0200Y": -0.010600604927348285,
            "0.0400Y": -0.005782596509887108,
            "0.0833Y": 0.0039439560231487696,
            "0.2500Y": 0.0055325928630017085,
            "0.5000Y": 0.005551059798858815,
            "1.0000Y": 0.005030883865705696
        }
    },
    "analytical": {
        "kappa": 1.5015628359215318,
        "theta": 0.06816663311957116,
        "xi": 0.8212274110270757,
        "rho": -0.7676500931524983,
        "v0": 0.026649289704235073,
        "lamb": 0.07466194698051906,
        "mu_j": -0.04892748490520691,
        "sigma_j": 0.07804695434776576,
        "weighted_obj": 4.792282311330756,
        "rmse": 4.792282311330756
    }
}