{
    "model": "Bates_MC_Validation_Analytic",
    "market": {
        "S0": 278.1199951171875,
        "r_sample": {
            "0.0200Y": 0.04190819020622232,
            "0.0400Y": 0.04184773564202585,
            "0.0833Y": 0.04171374805418569,
            "0.2500Y": 0.04116872074961505,
            "0.5000Y": 0.04032278212113984,
            "1.0000Y": 0.03889441743280985
        },
        "q_sample": {
            "0.0200Y": 0.0037,
            "0.0400Y": 0.0037,
            "0.0833Y": 0.0037,
            "0.2500Y": 0.0037,
            "0.5000Y": 0.0037,
            "1.0000Y": 0.0037
        }
    },
    "parameters": {
        "kappa": 4.297261734989161,
        "theta": 0.09349595267957823,
        "xi": 1.1568956547798501,
        "rho": -0.4981105980145117,
        "v0": 0.060420712330474156,
        "lamb": 6.594625372803078e-08,
        "mu_j": -6.594625335291149e-08,
        "sigma_j": 1e-07,
        "rmse": 0.25579679435051567
    },
    "notes": "Calibrated via MC, Verified via Analytic Formula"
}